IP Source,IP Destination,Source Port,Destination Port,Protocol,Label
137.34.180.57,228.149.255.223,55451,36885,TCP,C&C-FileDownload
236.21.234.45,64.238.233.64,35415,17778,TCP,Benign
25.91.152.247,187.90.140.102,11158,41033,UDP,C&C-FileDownload
254.234.106.239,16.18.234.58,3511,18627,UDP,PartOfAHorizontalPortScan-Attack
182.8.28.142,103.175.117.137,42412,61974,TCP,No Attack
232.209.8.202,160.243.142.108,20314,5805,TCP,DDoS
203.88.32.126,23.152.179.113,63628,11645,ICMP,C&C-PartOfAHorizontalPortScan-Attack
218.37.207.127,229.230.199.131,16715,51200,UDP,Okiru
84.23.229.53,155.150.72.234,49730,11926,ICMP,No Attack
89.200.126.44,11.198.94.160,41208,39383,TCP,C&C-PartOfAHorizontalPortScan-Attack
189.125.7.241,18.104.106.173,17206,26802,TCP,C&C-PartOfAHorizontalPortScan-Attack
187.210.53.233,153.18.218.93,47961,13993,TCP,C&C-HeartBeat-Attack
63.184.171.227,67.152.158.41,40766,6034,UDP,Okiru
120.133.121.88,146.41.56.32,1506,26672,TCP,Benign
247.0.151.123,119.253.114.233,58772,35284,UDP,C&C-HeartBeat-Attack
164.20.94.28,135.93.89.171,6374,33792,TCP,No Attack
234.12.30.161,111.137.224.95,52420,19480,TCP,Okiru-Attack
229.165.125.186,107.206.216.191,53186,23857,TCP,No Attack
47.135.194.170,203.201.7.72,32510,61539,TCP,FileDownload
203.98.221.20,21.128.211.130,58923,35428,TCP,C&C-HeartBeat-Attack
18.61.205.185,78.163.223.67,25129,25559,TCP,No Attack
151.3.14.191,22.125.230.131,2830,62541,TCP,No Attack
224.139.231.32,161.241.176.174,16088,5349,ICMP,C&C-FileDownload
199.200.1.136,148.127.71.29,8880,26831,TCP,Benign
181.187.13.205,204.228.86.48,29470,55886,TCP,Okiru
120.27.205.222,209.203.74.49,28200,22936,TCP,DDoS
211.50.126.242,199.191.106.180,29035,19973,TCP,No Attack
2.183.40.229,194.167.166.129,39859,3377,TCP,FileDownload
102.78.204.126,111.202.210.6,50187,36152,TCP,C&C-HeartBeat
231.78.196.133,161.207.86.88,6897,37164,TCP,Benign
110.211.251.106,205.243.214.90,7750,25451,TCP,Benign
73.215.213.143,175.10.166.197,59751,11525,TCP,PartOfAHorizontalPortScan
194.232.222.242,103.12.198.86,60225,30367,TCP,C&C-Tori
226.58.11.207,119.158.205.93,36904,30959,TCP,Benign
160.142.51.187,30.219.101.70,51871,21853,TCP,Okiru
227.230.114.154,117.90.248.246,24892,51761,TCP,Okiru-Attack
56.121.156.79,223.21.192.76,40673,52462,TCP,Benign
185.211.143.103,163.39.71.255,33533,23088,UDP,No Attack
8.218.155.236,17.130.136.52,13237,25456,ICMP,DDoS
194.237.51.52,63.19.97.74,50602,19579,TCP,C&C-HeartBeat-Attack
135.130.254.234,82.195.90.161,17184,18090,TCP,DDoS
168.29.238.247,117.95.169.106,46530,20389,TCP,Okiru-Attack
119.240.131.64,151.202.118.52,55311,19642,TCP,Benign
185.17.158.213,85.150.204.1,44793,15477,TCP,C&C-Tori
57.104.34.101,135.192.124.213,30779,56488,UDP,C&C-HeartBeat-Attack
28.171.215.214,77.112.206.141,34519,9360,ICMP,C&C-HeartBeat
1.173.251.162,137.16.184.82,53739,10324,ICMP,FileDownload
102.50.222.93,31.88.73.36,50175,11821,UDP,PartOfAHorizontalPortScan
76.46.234.212,220.112.55.30,58752,34616,TCP,Benign
125.48.14.163,221.19.84.232,35471,42780,TCP,DDoS
157.42.236.200,255.147.26.21,18093,56767,TCP,C&C-HeartBeat-FileDownload
118.213.244.60,57.125.69.193,3097,63177,TCP,No Attack
36.104.127.113,97.47.126.86,39824,40305,TCP,PartOfAHorizontalPortScan
221.43.86.206,207.139.103.250,20051,45264,TCP,Benign
59.78.39.158,171.173.148.52,50814,47527,ICMP,DDoS
185.129.160.187,0.120.231.130,47724,63124,ICMP,C&C-Tori
62.160.237.215,191.20.118.128,57608,4189,UDP,C&C-PartOfAHorizontalPortScan-Attack
81.183.133.198,172.241.145.106,10263,7642,TCP,No Attack
63.7.143.252,191.120.54.203,29507,10115,TCP,No Attack
64.115.10.173,155.105.152.78,33313,16846,UDP,PartOfAHorizontalPortScan
33.64.45.36,241.122.49.214,25045,16942,TCP,C&C-Tori
60.235.254.177,180.227.148.99,39226,41885,TCP,C&C-PartOfAHorizontalPortScan-Attack
151.201.159.18,48.142.4.46,28799,24018,TCP,No Attack
221.182.223.95,12.139.149.168,21856,59496,TCP,Okiru-Attack
191.103.103.48,195.93.75.157,48828,50416,UDP,C&C-FileDownload
240.91.192.29,2.30.74.60,53659,41255,TCP,No Attack
27.209.253.153,3.45.10.126,6548,26391,TCP,FileDownload
8.204.13.105,216.46.78.58,50408,45854,TCP,C&C-HeartBeat-FileDownload
187.142.28.153,139.200.184.28,39895,2696,ICMP,C&C-HeartBeat
30.187.217.219,50.215.83.26,53693,34192,TCP,No Attack
210.226.183.211,124.141.107.73,13497,64396,TCP,DDoS
15.180.244.20,56.223.122.218,30683,30184,TCP,Benign
209.65.6.209,131.115.67.24,63179,32548,UDP,PartOfAHorizontalPortScan
155.64.158.103,13.50.117.84,12432,6841,TCP,No Attack
7.146.2.14,152.60.42.126,3565,30561,TCP,Benign
19.84.172.121,224.215.103.145,49667,1436,UDP,C&C-HeartBeat-Attack
141.19.52.38,203.63.70.206,3099,7750,ICMP,Benign
82.43.105.246,30.152.211.84,6334,17417,TCP,DDoS
125.108.60.119,168.218.135.62,24291,23685,TCP,Benign
10.184.183.56,168.118.212.139,25115,32377,TCP,C&C-FileDownload
244.227.90.121,196.128.255.147,26578,24600,ICMP,C&C-Tori
22.93.151.18,169.54.196.163,40014,59917,TCP,C&C-PartOfAHorizontalPortScan-Attack
102.180.82.33,75.68.223.189,3291,32714,TCP,Okiru
180.168.226.117,243.242.238.72,25626,42612,TCP,Okiru
92.205.194.65,230.184.160.123,33008,58026,UDP,C&C-FileDownload
150.205.227.29,227.67.162.155,34746,6560,TCP,Benign
246.197.191.85,142.181.226.62,53124,33663,UDP,No Attack
99.6.63.197,114.212.155.186,1631,53751,TCP,Okiru
208.233.11.231,146.167.111.103,39619,36250,TCP,Benign
179.122.112.89,213.142.51.42,2009,42732,TCP,Benign
226.24.27.156,120.127.176.224,49119,51596,TCP,Okiru-Attack
112.236.114.26,171.75.206.221,15962,32727,ICMP,No Attack
186.75.253.66,142.239.255.152,36616,23900,TCP,DDoS
62.219.111.139,90.226.76.251,29642,58175,TCP,No Attack
170.81.131.46,27.20.62.164,18521,44248,UDP,FileDownload
14.77.52.33,203.13.74.12,24166,10390,TCP,FileDownload
127.77.48.154,169.232.32.195,63873,45279,ICMP,No Attack
42.152.71.141,75.34.70.14,23560,19214,TCP,No Attack
251.44.195.17,211.243.126.36,46430,23975,TCP,Benign
27.235.87.249,4.218.0.8,5907,2253,TCP,FileDownload
163.211.48.168,109.78.225.51,65269,56221,TCP,No Attack
196.177.56.54,71.45.223.255,62325,1147,TCP,DDoS
35.180.116.238,12.33.102.184,49108,27167,TCP,Benign
99.156.38.149,204.60.64.13,8959,51862,TCP,PartOfAHorizontalPortScan
139.53.254.160,108.63.178.181,26930,19260,TCP,No Attack
233.57.57.134,200.29.168.209,36866,48409,UDP,DDoS
124.29.75.19,253.176.54.146,62664,3959,UDP,DDoS
72.167.142.4,223.188.28.34,41087,22222,TCP,Benign
47.212.211.71,53.112.43.126,18576,64708,TCP,Benign
57.135.91.87,197.183.242.146,62107,45921,TCP,DDoS
74.216.99.255,74.3.85.59,64266,46525,TCP,FileDownload
133.136.249.237,156.138.18.126,50928,4855,UDP,DDoS
164.241.251.114,83.202.12.107,36962,18561,TCP,FileDownload
138.165.202.52,36.46.102.99,61770,13565,TCP,Okiru-Attack
149.71.56.37,39.56.85.137,38078,24325,TCP,FileDownload
72.242.95.125,177.126.76.140,55971,5472,TCP,C&C-PartOfAHorizontalPortScan-Attack
244.17.123.59,14.236.23.44,62925,35378,ICMP,No Attack
13.251.206.188,147.20.234.66,32252,16504,ICMP,FileDownload
170.26.82.190,174.19.86.195,36404,7723,TCP,Okiru
110.106.46.168,230.34.22.52,11499,46662,TCP,Benign
77.236.229.35,162.19.240.70,53764,54528,TCP,C&C-Mirai
168.180.210.169,244.135.228.164,51945,8721,TCP,DDoS
234.85.5.191,228.206.22.151,62307,61083,TCP,Benign
92.210.176.169,134.162.26.100,61847,51569,TCP,C&C-HeartBeat-Attack
111.72.83.221,193.178.38.193,2905,15698,UDP,C&C-PartOfAHorizontalPortScan-Attack
158.211.209.137,242.125.199.105,46658,58414,TCP,Benign
91.59.225.193,79.25.88.213,64989,64103,TCP,Benign
215.195.96.145,48.121.206.151,4566,56048,UDP,Benign
74.169.255.75,36.115.110.107,47416,39425,UDP,Benign
47.199.58.237,75.84.140.109,12386,10990,UDP,C&C-HeartBeat-Attack
43.240.15.72,18.233.176.28,50688,38142,TCP,DDoS
11.132.221.205,239.224.41.65,24786,4307,TCP,Okiru
65.134.94.230,173.37.153.75,33571,50863,UDP,Okiru-Attack
139.184.60.241,167.158.57.222,48205,65366,TCP,No Attack
16.177.165.136,166.177.78.207,57339,30980,ICMP,C&C-Tori
87.95.159.218,39.118.252.226,42447,52672,TCP,DDoS
140.244.188.101,190.22.198.220,21790,50697,TCP,C&C-Tori
116.67.237.120,214.158.61.7,28531,42435,TCP,DDoS
119.207.12.95,110.87.131.204,9336,36797,TCP,Benign
231.220.66.21,195.213.73.165,29269,2385,UDP,C&C-Tori
132.106.108.154,162.157.213.252,28688,28731,TCP,DDoS
43.28.87.42,58.50.157.75,48682,29150,TCP,C&C-HeartBeat
245.152.95.93,190.81.25.2,27113,3968,UDP,No Attack
209.170.189.253,23.94.59.216,42532,36527,TCP,C&C-HeartBeat-FileDownload
254.64.231.37,139.185.228.64,62911,40299,TCP,Okiru-Attack
65.140.44.81,102.98.208.197,38784,56542,TCP,Benign
144.39.243.45,131.168.120.253,2655,8514,TCP,DDoS
127.69.132.124,123.139.231.71,57442,43186,TCP,Okiru
52.187.240.244,8.254.66.58,15490,42892,ICMP,C&C-FileDownload
243.33.142.133,31.193.94.164,32195,3247,TCP,Okiru
88.63.59.83,109.10.33.63,17707,16785,TCP,PartOfAHorizontalPortScan
236.255.60.8,111.64.9.189,28633,24859,TCP,Okiru
15.54.67.73,86.188.47.207,47136,18154,TCP,Benign
105.120.183.105,162.122.247.129,52481,53946,ICMP,Okiru-Attack
41.193.207.145,179.123.130.88,26094,29965,TCP,C&C-HeartBeat-FileDownload
21.126.1.76,63.177.62.39,18280,13874,UDP,DDoS
38.201.149.43,26.250.184.175,59695,40728,TCP,DDoS
188.30.46.196,202.170.217.50,38044,37744,TCP,Benign
142.243.121.134,223.180.192.161,55088,63607,TCP,C&C-HeartBeat-Attack
190.92.252.143,218.111.203.251,40062,49572,TCP,C&C-Tori
177.52.26.129,92.195.121.209,64038,64274,TCP,Benign
210.134.24.253,2.41.168.157,29250,43387,TCP,Benign
93.52.158.68,229.74.22.81,58568,13736,TCP,No Attack
243.21.111.233,123.30.6.92,2246,19049,TCP,C&C-PartOfAHorizontalPortScan-Attack
181.5.95.166,14.88.234.161,23229,41645,UDP,No Attack
176.22.60.139,232.23.36.97,53232,43823,TCP,Benign
97.244.31.134,79.223.35.123,20651,56893,UDP,PartOfAHorizontalPortScan
132.214.34.23,31.12.241.31,2520,48479,TCP,Benign
132.62.222.7,25.128.68.116,40179,39420,TCP,PartOfAHorizontalPortScan
120.21.55.39,127.231.110.227,8750,24525,TCP,C&C-Tori
121.157.50.100,130.9.148.88,50034,24186,UDP,C&C-FileDownload
244.0.4.252,97.3.191.37,4219,60879,ICMP,FileDownload
4.200.64.96,133.236.62.100,29251,37944,TCP,FileDownload
138.162.245.220,80.92.113.231,22713,61991,TCP,C&C-HeartBeat
124.116.162.143,221.167.36.14,25830,34004,TCP,Benign
122.67.42.61,72.149.97.190,63518,26027,UDP,Benign
233.86.209.166,68.126.237.26,46714,63455,TCP,PartOfAHorizontalPortScan
198.98.75.179,122.129.9.13,33202,22782,TCP,No Attack
175.61.150.68,150.93.183.33,57557,39950,UDP,DDoS
234.157.241.166,67.12.148.209,55919,20732,TCP,FileDownload
253.182.211.77,198.172.162.230,34199,36498,TCP,No Attack
249.95.26.16,63.46.39.207,8495,63116,UDP,No Attack
185.6.231.153,35.196.35.148,45683,12801,TCP,DDoS
24.77.255.111,230.18.233.130,5444,56351,TCP,Benign
206.169.79.251,246.153.172.31,3579,45292,TCP,C&C-HeartBeat-Attack
57.210.219.228,218.208.27.76,22666,30033,TCP,C&C-Tori
106.238.225.25,200.169.18.128,24957,23567,TCP,PartOfAHorizontalPortScan
215.72.193.211,198.92.144.66,12074,11028,TCP,DDoS
127.189.254.222,161.49.192.39,28444,62282,UDP,Okiru
231.57.193.38,12.86.10.100,36357,15477,ICMP,No Attack
206.2.105.137,103.185.157.233,4842,4796,ICMP,No Attack
39.26.26.214,75.248.10.233,44428,13598,UDP,Benign
13.165.213.242,162.121.77.6,1881,36225,TCP,No Attack
231.42.51.175,115.208.97.42,23608,8103,ICMP,Okiru
153.29.237.205,133.138.7.232,59172,12529,ICMP,Benign
234.172.221.16,194.63.215.62,25070,48565,TCP,FileDownload
97.24.90.140,193.100.82.110,43966,3692,UDP,No Attack
51.31.30.108,224.152.229.131,7802,25363,TCP,No Attack
42.159.164.82,158.48.29.8,3595,17643,TCP,Okiru
105.76.248.163,231.90.77.95,20606,5916,TCP,PartOfAHorizontalPortScan
162.155.135.113,40.120.92.151,3958,30061,TCP,No Attack
94.91.53.24,245.63.102.47,2163,21602,TCP,Okiru-Attack
204.89.155.14,124.53.194.18,62268,17084,TCP,FileDownload
2.66.14.38,233.59.198.136,2966,24952,TCP,No Attack
169.41.239.148,74.193.211.59,33872,17984,TCP,Okiru
198.45.177.75,41.228.248.9,39048,11122,TCP,DDoS
69.230.85.158,82.248.116.59,44621,48648,UDP,No Attack
183.246.150.133,39.229.138.233,43196,30490,TCP,FileDownload
255.163.138.222,61.122.56.118,25732,38361,TCP,Benign
183.145.176.242,76.155.172.11,64177,25096,TCP,No Attack
12.57.78.29,86.74.210.133,9439,6975,TCP,No Attack
227.228.25.179,105.42.92.93,31332,45379,TCP,C&C-FileDownload
64.137.164.140,151.38.146.193,25329,44730,TCP,Okiru
38.68.91.145,251.108.122.47,51673,22837,UDP,PartOfAHorizontalPortScan-Attack
120.244.242.147,4.78.45.26,54446,55306,TCP,No Attack
123.32.37.203,113.122.59.250,36022,9183,TCP,Benign
148.163.132.143,209.175.172.139,52119,65049,TCP,Benign
184.102.8.54,160.90.56.118,63897,38901,TCP,FileDownload
157.252.201.42,18.93.24.132,36128,22330,ICMP,Benign
54.22.223.195,138.221.107.134,47350,4216,UDP,Benign
237.194.182.172,221.100.175.104,48058,30740,TCP,C&C-FileDownload
62.25.103.135,63.240.93.153,33536,48535,TCP,Benign
161.15.251.134,207.142.251.30,54206,61754,TCP,No Attack
173.120.62.231,234.76.241.198,20461,8496,UDP,C&C-PartOfAHorizontalPortScan-Attack
2.42.204.102,128.221.124.156,10547,15613,TCP,FileDownload
62.130.84.175,145.208.65.213,49590,49858,TCP,C&C-HeartBeat
18.99.11.32,175.226.155.6,29762,38737,TCP,C&C-HeartBeat
158.165.56.80,244.174.212.109,2135,49480,TCP,PartOfAHorizontalPortScan
33.189.181.137,5.199.208.142,31618,38397,TCP,No Attack
89.208.137.150,39.59.195.119,43958,16464,TCP,Benign
149.177.151.17,18.33.232.17,56722,21595,TCP,C&C-HeartBeat-Attack
246.223.23.97,154.238.13.180,26873,44468,TCP,Okiru-Attack
136.187.236.47,31.181.75.226,37152,58204,UDP,C&C-HeartBeat
254.216.194.113,74.49.185.11,28575,52188,TCP,No Attack
20.48.172.98,26.79.109.210,39881,24050,TCP,Benign
24.194.189.236,252.137.111.6,43275,10271,UDP,No Attack
68.171.243.10,211.20.74.195,22706,13182,TCP,C&C-Tori
32.59.205.216,197.251.171.20,36417,43126,ICMP,No Attack
182.240.129.209,126.195.247.58,44098,62075,TCP,Okiru-Attack
10.240.130.156,229.40.214.173,25439,17873,ICMP,C&C-FileDownload
196.93.202.141,183.106.203.235,1416,47904,TCP,No Attack
8.86.24.12,193.104.186.177,35289,2137,TCP,Okiru-Attack
218.129.187.205,69.7.21.203,2763,39689,TCP,Okiru
246.244.175.40,61.207.31.11,57762,44389,TCP,Benign
174.86.132.42,193.240.24.218,42421,1970,UDP,Benign
51.226.211.249,34.203.60.67,49057,45748,ICMP,C&C-FileDownload
39.207.41.205,163.5.208.38,12450,60659,TCP,C&C-FileDownload
130.123.181.147,39.34.48.217,4886,47769,TCP,Benign
92.142.205.178,125.94.21.58,15286,4985,UDP,C&C-HeartBeat-Attack
244.59.91.5,130.16.101.60,16485,50503,TCP,No Attack
252.138.249.179,82.114.223.39,63349,19417,UDP,C&C-PartOfAHorizontalPortScan-Attack
36.105.157.161,204.23.1.131,56520,31008,UDP,Benign
228.201.128.92,157.66.135.93,7570,52961,TCP,C&C-HeartBeat-FileDownload
228.55.133.109,153.255.86.3,5296,54703,TCP,DDoS
133.195.174.43,43.77.250.106,14731,60809,UDP,Benign
150.228.41.234,100.245.85.212,15117,24813,TCP,Benign
203.129.149.233,71.68.170.24,50112,52161,ICMP,Benign
188.50.107.136,60.153.45.2,36495,43341,TCP,DDoS
98.33.42.29,65.148.219.45,14715,56475,TCP,Benign
57.155.65.173,130.223.204.251,4000,61924,TCP,Okiru-Attack
131.118.98.88,4.209.108.205,36888,32803,TCP,C&C-FileDownload
172.175.143.225,17.133.4.63,16488,60691,TCP,C&C-HeartBeat-Attack
114.13.203.233,156.68.27.236,22864,5166,TCP,C&C-HeartBeat
24.130.222.53,213.144.136.75,18545,51390,UDP,Benign
67.206.247.182,28.97.198.114,51829,51578,TCP,Benign
206.221.4.253,2.77.162.106,40497,19889,UDP,Okiru-Attack
156.115.174.247,179.9.97.149,35591,23262,TCP,C&C-Mirai
236.101.23.28,235.209.26.15,41194,60924,UDP,DDoS
28.21.81.103,101.15.74.143,12450,40118,UDP,No Attack
62.167.119.206,120.57.93.76,9398,27648,TCP,No Attack
45.111.233.107,215.49.213.12,50298,63885,TCP,Benign
254.236.16.224,129.71.32.0,31638,42695,TCP,C&C-FileDownload
109.203.176.143,180.241.74.228,27190,31406,UDP,No Attack
35.194.63.239,175.35.255.57,6190,52718,TCP,C&C-FileDownload
193.234.69.37,173.219.19.73,16318,47325,TCP,PartOfAHorizontalPortScan
217.57.155.165,78.31.9.82,19536,10515,TCP,C&C-FileDownload
1.166.38.138,161.181.3.56,24531,14762,TCP,No Attack
94.182.176.141,192.196.225.206,3968,33360,TCP,Benign
254.88.44.76,128.195.3.50,62066,28538,TCP,C&C-Tori
27.133.188.177,236.103.150.125,38452,3254,TCP,Okiru-Attack
153.88.78.148,24.149.245.98,25972,39729,TCP,DDoS
209.13.83.1,5.148.173.198,56625,5724,UDP,C&C-HeartBeat-Attack
9.14.98.81,208.199.15.81,3172,48681,ICMP,Benign
77.247.222.138,150.184.69.144,28374,57376,TCP,No Attack
218.70.88.83,41.156.228.171,30338,32702,TCP,Benign
133.17.169.73,12.33.164.119,55860,37285,TCP,No Attack
203.72.141.37,2.162.138.196,60857,11288,TCP,C&C-PartOfAHorizontalPortScan-Attack
172.111.246.223,183.135.120.218,41055,28940,TCP,C&C-HeartBeat
70.146.51.1,112.234.154.45,32292,34838,UDP,Okiru
94.116.242.158,59.31.109.2,59075,47149,TCP,C&C-PartOfAHorizontalPortScan-Attack
144.173.245.208,95.227.150.43,17273,4185,TCP,C&C-Tori
144.112.109.143,162.45.69.72,10199,36659,TCP,No Attack
122.37.63.187,201.15.90.242,38385,32787,TCP,Okiru-Attack
47.49.203.81,79.151.178.163,15711,57455,UDP,PartOfAHorizontalPortScan
60.19.144.203,145.113.221.227,15138,62637,TCP,Benign
68.210.24.178,127.73.107.27,30394,58480,TCP,No Attack
29.74.129.28,129.116.17.116,13445,15532,TCP,No Attack
184.109.229.54,179.57.231.86,49746,59801,TCP,C&C-PartOfAHorizontalPortScan-Attack
182.73.62.169,44.76.24.86,37503,3017,TCP,DDoS
206.77.192.98,199.74.240.163,8861,43110,TCP,No Attack
202.30.75.107,141.143.129.151,59646,31736,TCP,C&C-Tori
255.87.191.217,54.178.24.255,8608,4615,TCP,Benign
77.66.179.13,65.215.24.73,27319,62782,TCP,No Attack
35.125.43.17,160.32.38.112,2963,34374,TCP,Okiru
198.39.97.156,183.75.68.128,37194,30993,UDP,Benign
124.226.10.47,115.232.54.145,47898,27255,ICMP,Benign
142.224.176.135,36.43.76.167,47394,55784,TCP,C&C-HeartBeat-FileDownload
183.238.204.152,80.197.60.36,26899,64463,TCP,C&C-PartOfAHorizontalPortScan-Attack
252.183.65.64,185.23.77.33,58026,36696,TCP,C&C-HeartBeat
249.176.46.160,102.157.158.156,30215,23781,TCP,PartOfAHorizontalPortScan
21.207.123.102,189.14.163.0,23430,37549,TCP,Okiru
155.221.88.179,31.159.203.85,40684,8601,TCP,No Attack
66.21.192.11,147.246.22.224,19142,47090,TCP,No Attack
66.172.165.204,34.81.66.228,17411,31610,TCP,Benign
61.115.121.221,29.171.13.183,31898,60201,TCP,Okiru-Attack
155.236.68.63,146.229.110.60,27011,8268,TCP,Benign
7.251.80.91,225.195.29.116,14131,56372,TCP,Okiru
163.170.154.185,5.46.53.62,55441,2225,UDP,C&C-FileDownload
25.241.170.46,68.110.212.30,43734,21541,TCP,Okiru-Attack
94.35.181.74,33.192.8.27,32200,41841,TCP,DDoS
36.237.160.134,247.55.235.30,56042,26698,TCP,DDoS
232.169.48.216,64.122.178.52,8562,30978,UDP,C&C-HeartBeat-Attack
156.103.95.56,215.101.151.143,21915,24242,TCP,DDoS
106.36.55.236,131.218.210.209,54334,35529,TCP,No Attack
30.60.45.213,207.202.240.180,26302,10072,TCP,C&C-HeartBeat-Attack
184.34.180.46,28.56.64.86,19573,27827,ICMP,No Attack
43.68.138.129,131.120.227.63,65362,18086,TCP,No Attack
153.41.22.41,171.192.155.198,42348,14913,UDP,No Attack
229.85.40.103,7.27.199.211,44297,51245,UDP,No Attack
60.94.44.85,192.94.15.229,50867,9191,TCP,DDoS
55.17.242.44,226.119.11.255,30972,33470,TCP,FileDownload
95.120.119.186,97.26.67.232,28409,53274,TCP,C&C-PartOfAHorizontalPortScan-Attack
97.202.230.83,121.45.216.181,27186,3921,UDP,C&C-HeartBeat-Attack
22.164.215.93,207.68.128.229,45158,16771,TCP,Benign
142.246.164.163,115.38.232.124,57898,13009,UDP,C&C-HeartBeat
70.132.142.117,125.109.16.248,18703,49323,TCP,No Attack
61.25.136.35,17.235.157.155,5042,48297,TCP,C&C-Tori
62.203.144.182,79.49.249.122,58793,37605,TCP,C&C-HeartBeat-Attack
96.56.208.218,53.153.148.53,39212,32157,TCP,No Attack
4.135.62.99,180.141.35.59,26817,48374,TCP,Okiru
136.43.162.168,198.146.130.52,25287,25273,TCP,DDoS
220.47.52.53,246.39.168.243,39866,6395,TCP,C&C-FileDownload
125.185.138.86,68.50.202.185,63921,37563,TCP,Benign
209.159.103.5,214.12.135.94,54943,43181,UDP,No Attack
29.188.15.106,61.152.47.188,47577,40577,TCP,No Attack
207.118.113.33,118.223.196.208,51873,10771,TCP,Benign
101.200.51.212,159.94.5.67,40236,38299,TCP,DDoS
130.114.193.243,128.81.235.90,11523,47628,UDP,FileDownload
207.199.12.4,91.2.255.248,52760,11106,ICMP,Benign
86.11.121.197,0.245.126.92,61139,19949,TCP,DDoS
57.215.4.43,40.75.63.197,61444,33519,UDP,C&C-HeartBeat-Attack
125.99.200.165,88.39.177.227,40130,62853,TCP,Benign
136.178.116.122,59.248.167.38,49044,3735,UDP,FileDownload
146.159.125.126,238.194.78.204,8575,37996,UDP,PartOfAHorizontalPortScan
224.132.139.22,225.9.193.166,64782,60615,TCP,C&C-Tori
61.28.213.57,105.0.133.73,3595,51747,UDP,PartOfAHorizontalPortScan
184.130.67.49,183.153.57.211,63561,6238,UDP,C&C-HeartBeat-Attack
8.68.229.251,13.111.161.108,12016,36329,TCP,C&C-Tori
174.149.154.67,176.181.164.168,44610,2584,TCP,PartOfAHorizontalPortScan
27.251.201.20,233.18.119.71,18424,3914,TCP,No Attack
43.24.76.239,13.199.76.152,29531,50034,TCP,No Attack
201.244.110.220,119.136.108.210,48081,3538,TCP,Benign
75.244.196.244,146.98.225.225,31659,39135,UDP,No Attack
103.135.240.239,235.98.140.213,37811,32263,TCP,DDoS
235.129.198.118,60.94.164.150,31765,59272,TCP,Benign
20.119.227.223,191.197.38.20,56237,54562,TCP,FileDownload
254.178.62.204,150.27.118.216,59955,19974,TCP,No Attack
224.25.74.203,207.10.182.136,64629,21013,UDP,C&C-HeartBeat-Attack
205.7.197.166,17.206.169.30,58672,64226,TCP,C&C-PartOfAHorizontalPortScan-Attack
100.238.3.183,198.178.82.161,59500,30096,TCP,DDoS
144.42.217.84,95.175.85.32,63000,35951,TCP,Okiru-Attack
169.12.44.208,87.171.80.148,31700,9157,ICMP,PartOfAHorizontalPortScan
4.199.48.129,205.159.218.206,22355,50513,UDP,C&C-HeartBeat
51.102.194.134,36.18.151.24,45791,38278,UDP,DDoS
235.99.79.162,24.91.64.71,14350,34680,UDP,Benign
248.154.53.58,154.28.174.137,1173,5184,ICMP,C&C-HeartBeat
109.39.38.154,28.139.102.32,58351,46260,TCP,C&C-HeartBeat
132.117.70.215,38.230.254.69,48604,58405,UDP,Okiru
65.93.50.26,229.128.180.42,35237,4800,UDP,Okiru-Attack
32.76.79.228,141.118.169.146,6345,56619,ICMP,Benign
131.117.53.63,54.189.21.5,5765,59789,TCP,C&C-Tori
69.2.79.174,63.33.238.1,50416,37999,UDP,DDoS
242.111.9.251,11.212.191.221,56287,31294,TCP,Benign
254.196.54.152,194.91.6.124,38834,7835,TCP,No Attack
201.141.14.204,178.120.110.98,22798,59005,TCP,DDoS
206.129.199.97,207.240.83.225,35278,44200,UDP,Benign
14.173.50.71,107.93.48.99,13737,9291,TCP,C&C-HeartBeat
107.182.236.47,41.192.80.31,26004,64954,TCP,No Attack
67.84.37.15,76.240.49.2,60580,31664,TCP,Okiru
169.103.106.190,179.114.75.120,24878,20882,UDP,No Attack
231.186.1.21,88.168.143.9,30547,36306,TCP,Okiru-Attack
136.182.148.251,95.109.228.202,60203,47610,TCP,Benign
168.61.98.91,212.212.25.131,2825,53368,TCP,PartOfAHorizontalPortScan
200.142.78.86,104.101.18.127,54750,9256,ICMP,No Attack
29.85.212.118,66.10.29.150,22589,65301,UDP,PartOfAHorizontalPortScan-Attack
145.16.190.160,10.57.246.119,4574,5535,TCP,Benign
106.179.39.97,131.14.192.221,29851,23337,TCP,Benign
132.166.240.233,46.140.66.9,1831,41590,UDP,C&C-HeartBeat
9.8.162.59,127.82.144.110,23773,63017,UDP,C&C-HeartBeat-Attack
30.146.128.154,97.91.207.119,63359,53708,TCP,C&C-FileDownload
111.208.204.82,20.17.235.189,64782,16146,UDP,No Attack
196.174.36.5,118.40.253.38,50063,12804,TCP,Benign
31.170.130.182,184.173.201.110,38977,36670,TCP,Okiru
78.134.69.30,248.26.154.248,47530,30258,UDP,No Attack
242.240.5.169,170.242.178.178,5733,3577,TCP,C&C-FileDownload
226.113.203.110,158.7.5.81,44194,17744,ICMP,Benign
242.73.211.229,226.121.229.95,55182,49710,TCP,C&C-HeartBeat-Attack
53.5.249.162,40.186.255.72,28877,57052,TCP,PartOfAHorizontalPortScan
86.198.151.245,90.199.174.149,25208,17515,UDP,No Attack
59.134.111.148,254.6.41.154,48508,24950,TCP,PartOfAHorizontalPortScan
235.51.154.170,16.22.136.175,34085,44374,UDP,C&C-Tori
189.2.60.174,56.149.79.252,4044,26240,UDP,No Attack
49.169.135.152,18.103.36.250,27809,44971,ICMP,Benign
85.183.115.3,129.58.70.111,28795,52295,ICMP,No Attack
206.231.74.97,71.103.104.43,13658,38029,TCP,C&C-Tori
189.122.102.146,15.209.155.228,43310,45091,ICMP,C&C-PartOfAHorizontalPortScan-Attack
11.231.229.203,44.141.109.250,6015,41886,TCP,DDoS
53.38.149.6,149.244.10.25,59840,61020,TCP,Benign
106.92.118.135,26.112.148.22,45498,58732,TCP,Benign
70.186.217.63,190.251.167.198,29858,36759,UDP,Benign
213.53.76.151,30.124.56.17,44646,12168,TCP,No Attack
225.32.58.218,212.109.155.103,5009,41959,TCP,DDoS
183.150.97.85,159.123.163.188,17664,63217,TCP,PartOfAHorizontalPortScan
156.72.200.132,157.111.95.21,55530,46658,TCP,C&C-HeartBeat-Attack
36.77.131.145,55.188.145.155,42570,26809,TCP,C&C-PartOfAHorizontalPortScan-Attack
185.152.28.246,92.31.26.3,7682,17350,UDP,DDoS
132.116.53.143,20.252.85.89,38997,4222,ICMP,No Attack
103.63.18.32,122.175.214.138,19452,55484,TCP,Okiru
56.0.250.164,233.187.0.166,27635,64848,TCP,Benign
231.98.90.25,224.255.127.240,47348,52398,UDP,No Attack
95.219.167.245,139.128.64.163,27264,21602,TCP,DDoS
178.125.246.207,87.221.32.154,52639,52603,TCP,Benign
220.216.48.15,110.162.45.182,14543,61652,TCP,Okiru
8.63.72.152,192.146.33.35,61919,26048,UDP,No Attack
175.138.3.183,192.34.92.35,64819,2603,TCP,Benign
248.92.38.110,216.229.159.32,2184,32930,TCP,No Attack
211.234.156.174,124.197.242.215,14661,50938,TCP,PartOfAHorizontalPortScan
58.10.4.196,248.218.104.188,9008,10104,TCP,Okiru-Attack
80.208.205.150,76.72.180.178,18749,15617,TCP,C&C-Tori
12.122.79.229,215.249.54.234,25211,18073,TCP,Benign
20.127.239.142,115.77.204.180,43852,44183,TCP,No Attack
68.81.194.149,173.37.55.67,13556,30151,TCP,Benign
64.214.231.46,135.57.168.130,32336,47170,TCP,DDoS
94.209.19.52,99.219.87.198,8993,24366,TCP,Okiru
112.1.236.127,140.184.199.112,38326,47805,ICMP,DDoS
78.164.69.148,92.253.59.197,50768,65172,ICMP,Benign
60.150.153.234,49.253.236.40,49487,24710,TCP,C&C-Mirai
202.79.97.44,108.26.73.146,61927,45517,TCP,PartOfAHorizontalPortScan
123.144.71.112,25.37.130.219,49947,12614,UDP,No Attack
100.133.175.131,64.39.96.4,48633,4675,TCP,PartOfAHorizontalPortScan-Attack
197.248.17.40,54.153.26.88,36075,8549,TCP,No Attack
98.250.172.184,106.196.38.243,34645,1709,TCP,Benign
49.12.93.206,71.40.176.96,17372,46742,TCP,No Attack
15.48.140.48,102.39.114.218,6038,60005,TCP,PartOfAHorizontalPortScan
107.230.60.104,64.25.183.239,12207,16802,TCP,C&C-HeartBeat-FileDownload
239.211.90.210,47.39.182.3,3512,59732,TCP,Benign
172.200.104.24,93.34.115.181,61813,61752,TCP,No Attack
229.132.8.113,149.186.160.28,42604,59350,TCP,DDoS
151.106.52.117,71.213.85.137,6460,24020,TCP,Benign
201.94.243.146,12.70.82.98,39068,26568,TCP,DDoS
209.190.7.239,216.136.26.181,40470,4345,UDP,No Attack
53.230.113.40,85.61.5.23,63001,53206,UDP,C&C-Tori
88.44.188.231,219.150.56.46,59277,63262,ICMP,C&C-Tori
37.227.158.163,136.97.80.106,23978,28622,TCP,No Attack
16.30.231.178,130.211.184.129,26577,65098,TCP,FileDownload
208.147.66.31,39.197.144.170,19404,52636,ICMP,Okiru-Attack
168.154.55.82,240.239.121.58,42092,7429,UDP,DDoS
214.196.126.192,155.37.234.23,65065,17484,TCP,Benign
174.247.9.108,153.190.204.83,34890,45438,ICMP,No Attack
134.56.33.134,150.119.244.19,12515,45567,TCP,No Attack
85.104.204.188,8.184.180.206,28228,12968,TCP,C&C-HeartBeat
92.84.246.34,157.250.216.103,17146,40470,TCP,Okiru
112.59.166.34,174.17.39.14,56120,27823,TCP,C&C-HeartBeat-Attack
236.200.223.45,111.187.248.40,16150,51978,TCP,No Attack
247.124.101.103,114.29.129.50,34376,22965,TCP,C&C-HeartBeat
90.157.191.216,32.77.204.2,52452,9891,TCP,Benign
161.131.243.129,228.90.177.42,6720,10616,TCP,C&C-HeartBeat-FileDownload
211.184.201.176,202.51.78.47,53646,55969,TCP,C&C-FileDownload
26.89.62.185,34.186.153.3,19948,23918,TCP,No Attack
177.180.7.243,113.120.76.29,48597,33391,ICMP,Benign
83.149.156.221,216.179.2.53,32798,7065,TCP,C&C-FileDownload
220.4.65.129,250.231.236.23,33425,53027,TCP,DDoS
149.226.116.59,19.61.174.29,55265,52343,TCP,Okiru
242.252.40.163,52.178.123.103,25936,62380,UDP,C&C-HeartBeat
123.190.239.101,133.204.82.138,62996,26769,TCP,FileDownload
1.250.102.187,240.57.50.234,14688,27468,TCP,C&C-HeartBeat-Attack
129.111.14.116,211.120.164.144,31812,10362,TCP,Okiru
54.245.251.45,68.31.13.175,56892,46556,TCP,Benign
40.89.144.209,103.206.238.6,7508,2843,TCP,No Attack
109.167.112.28,188.25.231.83,19770,62185,UDP,C&C-HeartBeat-Attack
66.79.230.186,123.35.76.208,27874,46080,TCP,No Attack
111.111.108.4,238.66.229.172,64403,56037,TCP,Okiru
152.165.119.250,243.39.136.245,39188,54300,TCP,C&C-HeartBeat-FileDownload
59.141.142.237,61.212.174.52,52086,58519,TCP,C&C-PartOfAHorizontalPortScan-Attack
239.56.63.59,50.148.184.16,29861,29320,TCP,Okiru-Attack
5.184.7.90,173.107.64.110,41113,9060,UDP,DDoS
20.123.192.32,11.251.85.148,59084,42580,TCP,C&C-Mirai
42.227.149.15,157.54.63.157,36267,41601,TCP,PartOfAHorizontalPortScan
210.155.235.208,244.93.232.22,63422,9890,TCP,No Attack
73.176.75.215,101.220.52.1,30176,1403,TCP,Benign
79.32.234.148,52.55.208.241,47519,52756,TCP,C&C-HeartBeat-Attack
184.218.132.5,39.156.28.75,28124,46451,TCP,No Attack
183.171.137.109,198.193.165.234,57007,59620,TCP,C&C-HeartBeat-Attack
25.84.238.220,236.40.153.119,34207,63625,ICMP,Benign
224.189.31.41,127.216.39.77,24181,27743,TCP,C&C-FileDownload
165.251.76.171,121.71.93.174,25085,25897,TCP,No Attack
64.172.37.201,43.203.32.146,17261,34300,TCP,Benign
220.13.22.136,105.209.82.152,53405,63326,TCP,Benign
222.86.232.132,243.217.243.114,8312,24846,TCP,No Attack
5.211.235.52,155.92.58.203,28747,41546,ICMP,No Attack
206.71.66.145,135.64.247.223,10939,55936,TCP,No Attack
217.194.128.61,5.42.238.180,11663,55321,TCP,Benign
19.19.26.117,106.9.236.86,45311,40259,TCP,C&C-PartOfAHorizontalPortScan-Attack
104.107.210.110,53.55.91.184,13919,52544,TCP,Benign
32.9.78.53,183.91.235.82,33119,10709,TCP,C&C-HeartBeat-Attack
104.106.196.253,27.171.137.17,7600,7129,TCP,No Attack
90.20.177.60,253.168.213.63,50357,57847,TCP,No Attack
115.65.35.34,33.178.247.58,11741,17168,TCP,No Attack
208.53.247.17,225.130.195.177,22229,59998,TCP,Benign
44.134.253.25,238.179.19.212,63057,34096,TCP,C&C-HeartBeat-Attack
235.143.199.58,17.120.113.178,47990,32521,UDP,No Attack
141.82.143.60,29.120.147.253,49335,62716,TCP,C&C-HeartBeat-Attack
111.206.115.62,129.32.64.126,59928,19630,TCP,C&C-HeartBeat
80.85.2.249,206.234.228.93,61073,18184,TCP,No Attack
113.98.119.122,243.117.166.63,63492,48953,UDP,C&C-Tori
88.250.203.2,83.34.8.231,51969,55096,UDP,C&C-HeartBeat-Attack
168.49.95.211,8.115.8.164,40271,49958,TCP,DDoS
204.74.151.99,235.16.165.200,49885,1471,TCP,DDoS
91.125.127.143,7.93.40.248,50826,33814,UDP,Benign
176.48.150.214,205.245.135.209,8874,54981,TCP,No Attack
24.151.119.131,59.146.203.240,16026,36198,TCP,No Attack
214.190.141.69,67.223.164.91,22481,18820,TCP,C&C-HeartBeat
247.50.198.163,139.8.243.185,2712,52294,TCP,No Attack
83.146.15.75,151.111.143.97,29500,62488,TCP,C&C-HeartBeat
232.183.249.104,213.74.76.104,50711,4369,TCP,DDoS
168.207.245.47,210.160.62.61,46012,5290,UDP,C&C-HeartBeat
197.39.207.116,163.115.184.75,41703,62287,TCP,Benign
194.217.242.20,166.180.195.150,31655,23824,UDP,PartOfAHorizontalPortScan-Attack
255.245.20.237,45.246.10.216,14296,52156,TCP,PartOfAHorizontalPortScan
228.51.109.109,143.35.107.142,57804,36565,TCP,No Attack
45.120.160.161,149.111.128.2,44674,1777,TCP,C&C-PartOfAHorizontalPortScan-Attack
61.248.87.59,125.11.112.62,15879,32448,TCP,C&C-HeartBeat-FileDownload
148.91.181.248,181.180.240.121,58209,51120,TCP,DDoS
121.184.203.69,59.92.170.124,46730,5551,TCP,No Attack
32.187.209.97,158.251.43.227,51863,30521,TCP,PartOfAHorizontalPortScan
232.228.234.0,145.229.75.176,48749,33042,TCP,Benign
54.145.60.44,138.72.91.55,53242,58840,TCP,FileDownload
63.81.152.15,44.254.1.181,20434,34115,TCP,PartOfAHorizontalPortScan
92.96.42.209,150.119.206.22,1614,13026,TCP,FileDownload
7.68.152.131,200.120.177.197,39465,41421,TCP,C&C-FileDownload
36.79.246.79,110.90.208.118,45506,24585,TCP,Benign
161.94.163.192,243.70.185.226,39486,18111,TCP,No Attack
45.154.76.179,150.229.229.156,29383,58368,UDP,C&C-Mirai
28.35.110.85,89.129.76.15,51949,30416,TCP,Benign
188.81.103.150,3.0.90.132,51966,24758,TCP,Benign
253.3.171.151,131.98.38.166,2315,26430,TCP,C&C-PartOfAHorizontalPortScan-Attack
122.13.146.34,129.39.95.170,58472,23180,TCP,Benign
229.16.76.48,236.66.191.133,40279,6968,TCP,C&C-HeartBeat-Attack
33.148.229.106,57.204.177.120,51492,59681,UDP,PartOfAHorizontalPortScan-Attack
222.121.193.121,238.62.30.122,12359,32540,TCP,No Attack
233.177.122.196,48.4.84.218,54828,33617,TCP,C&C-Tori
8.118.18.48,209.132.58.148,40035,42139,TCP,No Attack
17.121.244.64,122.251.3.10,5932,29134,ICMP,Benign
226.177.159.175,133.149.112.80,51558,16777,TCP,DDoS
18.75.205.111,248.71.101.22,34150,60826,TCP,C&C-HeartBeat-Attack
237.198.116.181,10.59.26.206,44243,61255,ICMP,No Attack
63.59.21.48,199.115.30.119,28982,18246,UDP,PartOfAHorizontalPortScan
56.163.207.20,3.241.138.214,38695,61056,TCP,C&C-HeartBeat-Attack
215.224.210.219,15.15.235.35,17442,7937,UDP,No Attack
15.21.208.168,65.175.212.26,19913,45674,ICMP,DDoS
243.4.112.186,199.5.81.95,58566,60982,TCP,C&C-FileDownload
184.221.83.226,150.222.152.53,8570,29357,ICMP,No Attack
192.176.32.17,203.43.89.151,32978,52008,TCP,C&C-Tori
253.127.4.181,154.129.13.181,52824,43485,TCP,Benign
202.62.149.143,56.136.135.139,12750,39277,UDP,FileDownload
130.35.56.178,252.179.99.135,43078,54497,TCP,C&C-PartOfAHorizontalPortScan-Attack
86.1.66.13,165.160.133.236,40722,19879,UDP,DDoS
210.20.118.224,205.152.9.231,18353,24757,UDP,Benign
75.252.12.122,185.30.203.220,23343,60396,TCP,No Attack
19.34.86.144,249.119.236.3,46549,5475,TCP,Benign
119.90.186.104,61.141.207.208,8248,39351,TCP,Benign
6.217.235.208,203.161.160.125,20774,20436,TCP,C&C-Mirai
156.90.193.193,3.240.219.58,40683,11333,TCP,C&C-HeartBeat-Attack
151.212.205.255,110.97.129.68,10126,51418,UDP,C&C-HeartBeat-Attack
242.223.179.160,63.76.91.41,65319,29918,TCP,C&C-FileDownload
223.100.202.181,223.145.241.69,17384,37043,TCP,PartOfAHorizontalPortScan
128.94.215.26,214.149.77.175,2004,31146,TCP,C&C-HeartBeat-Attack
215.89.3.24,205.36.63.12,40197,52368,UDP,C&C-PartOfAHorizontalPortScan-Attack
204.125.143.146,13.83.103.195,26806,43734,TCP,Benign
129.213.84.59,186.244.249.179,12272,55047,TCP,DDoS
189.183.166.42,139.250.109.144,63139,3422,TCP,Benign
35.157.75.47,55.125.124.175,22998,29940,TCP,No Attack
127.173.241.182,37.134.219.252,31596,26830,UDP,No Attack
160.192.63.214,1.64.1.8,3807,26178,TCP,Benign
157.205.5.156,139.245.186.208,31325,50655,TCP,Okiru-Attack
30.171.246.176,222.81.62.17,32713,17028,ICMP,C&C-PartOfAHorizontalPortScan-Attack
139.242.195.133,130.14.191.231,56684,18468,TCP,Benign
43.126.12.209,51.131.12.202,21609,26476,TCP,No Attack
212.219.233.38,53.175.229.191,63066,43099,TCP,PartOfAHorizontalPortScan
77.4.127.140,154.107.232.152,22992,24809,TCP,C&C-PartOfAHorizontalPortScan-Attack
160.60.155.87,8.194.147.230,13579,25826,TCP,Benign
152.165.37.106,141.227.78.250,15698,23650,TCP,DDoS
100.45.167.80,155.175.130.234,51817,34573,TCP,No Attack
212.191.48.139,13.198.36.244,1998,33774,TCP,FileDownload
148.235.17.221,199.167.132.191,1982,56657,ICMP,Benign
235.126.128.152,97.220.184.235,43097,20248,TCP,Okiru
211.93.251.230,239.217.231.10,53074,38832,TCP,Benign
214.181.112.45,166.103.115.171,24691,13235,TCP,DDoS
92.109.241.110,42.232.199.207,16482,55136,ICMP,PartOfAHorizontalPortScan
122.58.72.40,72.115.123.184,34233,47588,TCP,PartOfAHorizontalPortScan
228.36.52.12,193.218.224.189,25987,18503,TCP,Benign
103.208.25.48,168.125.31.196,28858,35900,TCP,DDoS
153.27.25.44,169.144.79.107,19226,40756,ICMP,No Attack
132.76.121.144,40.109.30.177,21313,49611,UDP,C&C-HeartBeat-FileDownload
93.201.251.55,208.99.153.98,40231,44641,TCP,Okiru
161.94.212.141,230.173.51.130,56278,15454,TCP,DDoS
240.187.142.164,22.8.173.129,11902,8058,TCP,No Attack
65.241.125.195,165.159.161.43,49482,34929,ICMP,C&C-HeartBeat-Attack
57.68.38.171,217.215.41.180,33814,32038,TCP,Benign
174.82.197.91,123.206.184.163,23369,24765,TCP,Benign
62.179.80.139,141.96.223.73,38414,21689,TCP,DDoS
79.7.22.239,253.145.158.55,7297,55289,UDP,No Attack
12.113.199.30,130.58.57.84,40489,36227,UDP,Benign
180.233.75.94,91.230.113.38,35581,46538,TCP,No Attack
160.28.177.168,176.90.111.59,33929,39954,TCP,C&C-Tori
233.164.235.122,68.0.29.221,20750,32851,TCP,Benign
97.13.26.241,64.175.122.164,55123,23947,UDP,No Attack
241.138.139.154,160.139.128.78,36758,50065,TCP,C&C-HeartBeat-Attack
235.218.233.18,35.152.34.132,42547,25963,TCP,Okiru-Attack
212.54.94.80,45.67.63.12,21432,14040,TCP,C&C-HeartBeat
131.46.234.180,115.203.183.246,44796,36857,TCP,C&C-PartOfAHorizontalPortScan-Attack
70.11.84.65,97.158.86.79,7143,31529,TCP,Benign
90.179.136.210,4.72.66.41,64839,11187,TCP,PartOfAHorizontalPortScan
15.254.119.37,29.203.167.225,2437,38453,TCP,C&C-HeartBeat-Attack
211.102.95.144,215.230.225.199,38202,40050,ICMP,No Attack
101.48.8.246,169.185.177.221,23074,20583,TCP,Benign
97.145.116.28,124.141.37.34,7732,59241,UDP,No Attack
186.102.80.193,150.101.222.15,38358,41998,UDP,DDoS
237.134.116.48,168.125.86.58,51991,43090,TCP,PartOfAHorizontalPortScan
4.140.242.245,201.182.170.129,15975,63294,TCP,DDoS
66.120.12.217,179.55.172.248,12899,9379,TCP,Benign
181.232.31.141,203.191.233.91,30412,64596,UDP,Benign
222.74.70.213,156.29.54.117,64321,22978,TCP,DDoS
242.38.13.234,127.228.245.78,35450,51823,UDP,No Attack
112.105.40.218,136.167.198.47,26774,27384,TCP,FileDownload
75.203.64.100,143.172.160.173,48488,5518,UDP,DDoS
202.239.155.118,18.77.76.14,20418,38982,UDP,DDoS
116.37.76.156,144.201.8.79,17873,41764,TCP,C&C-HeartBeat
109.81.155.26,193.3.102.227,45672,42830,TCP,Benign
39.245.250.233,196.159.114.77,33418,13344,UDP,C&C-FileDownload
96.123.42.78,5.48.15.154,15888,24115,TCP,C&C-HeartBeat-Attack
50.7.114.66,149.211.8.130,50700,32782,TCP,C&C-HeartBeat-Attack
147.227.38.89,130.166.201.162,4448,7592,TCP,PartOfAHorizontalPortScan
107.218.86.39,114.176.14.54,47393,52283,TCP,DDoS
12.10.7.227,141.247.1.64,39801,12987,ICMP,No Attack
212.103.42.216,11.97.167.123,26818,52066,TCP,DDoS
55.64.68.226,0.147.120.220,26849,20685,TCP,C&C-Tori
67.2.200.0,204.25.243.143,4037,64212,UDP,C&C-HeartBeat-Attack
28.117.16.177,231.104.167.117,57257,48465,ICMP,FileDownload
152.16.176.14,164.100.251.249,8585,7323,TCP,C&C-Mirai
18.210.237.122,140.68.57.15,54625,7776,UDP,Benign
50.18.26.1,240.191.124.92,25002,11530,TCP,No Attack
4.209.104.19,66.198.120.35,62418,53557,TCP,Benign
232.72.57.110,162.83.202.151,23579,3232,TCP,C&C-HeartBeat
98.116.238.198,156.76.84.74,23879,7329,TCP,No Attack
58.232.106.74,189.11.79.191,33582,46463,UDP,No Attack
41.54.240.160,30.193.192.69,51535,42050,TCP,No Attack
169.200.124.187,11.226.123.159,32717,32502,TCP,C&C-HeartBeat-Attack
97.96.87.168,129.252.78.15,1761,17208,TCP,C&C-FileDownload
168.100.44.10,96.27.62.49,11111,16884,TCP,Benign
225.137.58.41,113.209.68.193,40047,11379,TCP,C&C-Tori
192.54.218.81,242.152.144.126,37634,7099,UDP,C&C-Tori
213.150.191.21,55.239.118.73,57804,40427,TCP,Benign
18.42.12.134,138.65.2.124,53731,38167,TCP,C&C-PartOfAHorizontalPortScan-Attack
182.144.163.60,230.125.82.158,65306,48507,UDP,Okiru
95.224.94.91,244.213.237.0,51171,63311,TCP,DDoS
144.105.65.199,77.153.166.122,24954,53844,TCP,C&C-Tori
60.117.147.14,148.96.234.240,47504,46049,UDP,Okiru-Attack
69.195.122.75,203.214.102.229,47435,9798,UDP,No Attack
61.55.110.162,77.218.67.46,20890,14738,ICMP,PartOfAHorizontalPortScan
214.19.123.62,135.201.78.37,14664,53105,ICMP,No Attack
128.38.155.81,75.223.159.29,7942,17353,ICMP,C&C-HeartBeat
17.72.244.71,158.178.187.58,6983,43294,TCP,PartOfAHorizontalPortScan
187.18.178.102,66.168.39.14,54577,40785,TCP,No Attack
0.102.204.56,79.46.111.187,56807,64623,ICMP,PartOfAHorizontalPortScan
187.75.95.26,220.78.104.139,12383,60646,TCP,Benign
163.159.168.112,247.216.55.25,45206,3670,TCP,No Attack
121.8.200.15,88.212.82.184,35289,18518,UDP,C&C-FileDownload
116.111.255.54,115.130.165.164,63745,26397,ICMP,No Attack
231.159.38.131,177.90.134.18,1879,10196,TCP,Benign
147.31.152.20,41.82.104.12,12948,55343,TCP,FileDownload
40.218.18.49,61.103.68.248,16860,59693,TCP,C&C-HeartBeat
36.13.203.226,0.145.45.134,31728,53438,TCP,PartOfAHorizontalPortScan
78.207.40.222,161.242.92.244,19248,28400,ICMP,Okiru-Attack
175.142.162.40,44.161.205.154,54173,34100,TCP,Benign
49.17.109.131,42.91.140.79,52944,49572,TCP,C&C-Tori
1.135.129.126,3.117.241.45,61790,29477,TCP,Benign
191.31.185.218,77.222.172.112,18399,42876,TCP,Benign
212.61.143.149,129.92.132.55,34063,29097,UDP,No Attack
237.226.197.177,240.232.149.200,6062,4895,TCP,C&C-HeartBeat-Attack
50.37.15.131,237.224.173.74,58915,45061,TCP,Benign
63.159.218.96,26.124.104.149,59784,54422,TCP,DDoS
208.202.89.14,32.152.126.150,53748,41963,TCP,PartOfAHorizontalPortScan
68.227.67.227,6.241.21.117,45836,56714,ICMP,C&C-HeartBeat
32.121.245.248,127.187.225.66,12792,29388,TCP,C&C-PartOfAHorizontalPortScan-Attack
62.7.134.44,211.125.211.225,14108,59457,TCP,Benign
204.46.76.255,102.76.33.105,49401,2289,TCP,C&C-HeartBeat
107.170.155.137,29.107.10.231,13972,53012,ICMP,DDoS
161.151.145.47,17.70.234.118,27761,14452,TCP,C&C-Tori
146.58.140.64,203.71.6.184,26028,46887,UDP,Benign
236.158.246.12,159.197.254.67,24127,2813,TCP,C&C-PartOfAHorizontalPortScan-Attack
91.175.132.101,105.135.51.208,56798,44440,TCP,C&C-PartOfAHorizontalPortScan-Attack
36.66.122.211,221.176.45.207,51468,50508,TCP,Benign
238.151.234.247,38.137.247.172,41852,28344,ICMP,No Attack
248.170.86.180,205.211.75.79,44004,19986,TCP,No Attack
219.209.112.79,225.197.83.60,42025,24515,TCP,C&C-HeartBeat-Attack
243.79.252.6,193.238.68.98,8974,63591,UDP,No Attack
65.150.39.246,50.26.73.176,19919,62690,TCP,No Attack
62.11.183.231,159.219.129.206,34321,35429,ICMP,C&C-PartOfAHorizontalPortScan-Attack
2.26.35.136,254.5.207.135,5304,21790,TCP,No Attack
205.162.88.109,96.28.168.146,3543,29054,TCP,No Attack
178.40.99.84,27.7.254.59,3862,33923,TCP,Benign
255.187.222.159,112.25.101.108,15185,21167,UDP,C&C-Tori
64.134.204.39,149.234.128.37,24277,23925,TCP,DDoS
125.44.180.200,74.209.119.174,31165,47918,UDP,No Attack
169.168.245.95,114.5.96.167,60651,63011,TCP,No Attack
24.116.9.94,247.161.18.9,23014,29560,TCP,No Attack
113.137.226.145,186.174.210.64,54497,45260,TCP,Okiru
110.114.218.151,89.99.167.173,15408,15089,UDP,Okiru
90.207.104.80,112.168.248.42,61390,25049,TCP,No Attack
191.202.151.134,207.111.246.45,22919,29593,TCP,Okiru-Attack
195.32.233.182,109.15.251.92,6445,21892,TCP,Okiru
98.182.192.171,58.162.230.206,3495,33223,UDP,Okiru-Attack
9.164.71.213,70.66.23.132,34735,7163,TCP,Okiru
85.38.215.122,234.224.233.38,31328,49748,TCP,C&C-Tori
205.243.48.197,125.254.209.52,1884,19098,TCP,No Attack
244.234.145.14,207.121.40.173,9384,11069,TCP,C&C-HeartBeat-Attack
23.232.245.218,103.192.254.38,4673,54466,UDP,Okiru
84.238.219.252,9.185.212.145,4583,62000,TCP,No Attack
59.35.7.247,206.164.201.180,34669,39489,TCP,Benign
150.70.195.72,181.198.218.155,39532,8194,ICMP,DDoS
102.245.103.129,66.16.4.128,10746,43957,UDP,No Attack
193.210.85.98,228.174.183.161,42851,23516,TCP,No Attack
125.187.78.16,207.196.154.255,3284,57124,TCP,No Attack
240.64.79.49,236.60.35.33,7311,25187,TCP,C&C-HeartBeat
246.71.34.105,245.72.49.4,33369,60687,TCP,Okiru-Attack
53.178.31.250,2.220.135.143,20567,62485,TCP,DDoS
240.176.201.199,73.115.52.213,13623,12226,TCP,No Attack
36.139.207.227,11.222.96.98,21166,1808,TCP,No Attack
228.0.125.139,243.13.229.43,61321,33713,TCP,C&C-PartOfAHorizontalPortScan-Attack
16.45.58.220,250.208.123.222,4106,56548,UDP,DDoS
27.215.115.25,15.51.37.85,58638,26392,UDP,C&C-Tori
233.210.92.92,90.173.123.177,36268,48058,ICMP,C&C-HeartBeat-FileDownload
117.171.13.116,173.84.192.16,59205,61392,UDP,No Attack
189.125.95.60,173.41.60.113,26936,19625,TCP,No Attack
246.97.56.146,46.70.165.83,45325,11079,TCP,No Attack
94.139.93.17,47.242.234.7,25816,48642,TCP,Benign
187.175.170.125,177.38.175.34,10918,6211,TCP,C&C-HeartBeat
203.120.67.149,3.189.80.58,27539,34313,TCP,Benign
19.166.73.171,122.232.62.9,39108,19273,UDP,No Attack
177.85.34.237,230.77.222.221,6008,28640,TCP,C&C-FileDownload
31.3.19.166,130.127.187.131,14282,52532,UDP,FileDownload
84.197.83.2,236.168.7.87,39858,27233,TCP,PartOfAHorizontalPortScan
84.243.86.242,172.235.30.72,19082,60174,TCP,Benign
220.148.237.181,234.34.85.145,51341,44627,TCP,DDoS
232.0.49.124,31.48.63.97,58730,45307,TCP,PartOfAHorizontalPortScan-Attack
64.132.246.40,11.168.189.142,43471,57471,TCP,No Attack
211.64.31.128,218.120.226.28,30130,31466,UDP,Benign
217.75.199.186,125.180.28.205,11690,17146,TCP,PartOfAHorizontalPortScan
241.242.174.186,102.100.46.143,60274,42970,TCP,Okiru-Attack
200.38.180.26,144.253.171.112,5888,7075,TCP,No Attack
129.243.152.226,114.65.168.70,41212,46290,TCP,C&C-FileDownload
142.46.234.241,48.252.102.219,25524,49924,TCP,C&C-FileDownload
79.233.26.52,134.159.75.129,50350,42825,TCP,DDoS
118.17.41.105,43.104.179.9,64354,44703,UDP,C&C-PartOfAHorizontalPortScan-Attack
223.196.241.192,134.153.119.221,30587,38587,TCP,FileDownload
161.75.66.24,70.198.142.92,8899,33702,TCP,C&C-Tori
56.60.241.103,135.97.151.0,54713,54448,UDP,C&C-PartOfAHorizontalPortScan-Attack
242.102.168.217,22.246.129.16,15869,10893,TCP,DDoS
81.180.71.226,18.117.137.165,52143,18817,TCP,C&C-Tori
95.36.76.20,16.238.182.208,60434,22702,TCP,Okiru-Attack
189.199.118.222,92.62.208.71,2679,64909,ICMP,No Attack
42.26.41.1,88.58.103.16,55677,64956,TCP,C&C-Mirai
57.196.246.49,32.24.217.223,11732,45955,TCP,No Attack
173.111.248.224,136.176.243.227,46974,28502,TCP,No Attack
164.23.76.218,96.115.157.100,26585,38097,UDP,C&C-FileDownload
218.150.25.197,102.160.198.231,55930,63430,TCP,PartOfAHorizontalPortScan
2.186.139.59,231.79.255.204,47479,58327,TCP,No Attack
64.148.35.115,244.232.128.247,42577,20114,ICMP,C&C-Tori
93.193.181.61,54.171.30.229,38179,12440,TCP,C&C-Tori
167.246.134.160,155.44.111.172,62131,59888,UDP,C&C-PartOfAHorizontalPortScan-Attack
166.151.94.174,217.35.215.165,13213,49006,TCP,No Attack
58.245.130.255,15.108.49.170,10700,35744,TCP,DDoS
225.124.186.48,85.160.168.157,13723,34031,ICMP,No Attack
199.97.235.149,199.77.149.187,51471,3151,ICMP,Benign
145.20.174.184,44.71.122.90,18217,51130,TCP,C&C-FileDownload
7.150.69.216,11.196.166.198,21009,54097,TCP,No Attack
238.137.66.217,95.118.217.179,31754,43300,TCP,No Attack
122.210.81.186,214.191.87.59,10293,39530,UDP,DDoS
164.119.144.236,212.245.253.17,31058,42515,TCP,Benign
90.189.86.231,158.9.242.224,63552,58783,ICMP,No Attack
36.106.90.154,27.233.52.255,57428,31330,TCP,No Attack
248.83.163.19,112.142.249.7,3605,54084,TCP,Okiru-Attack
183.81.238.161,133.14.150.192,17681,39534,TCP,DDoS
161.220.157.184,118.18.110.63,31497,35297,UDP,Benign
156.211.61.102,29.88.202.240,45434,35845,TCP,DDoS
43.253.62.196,0.252.138.134,6197,4220,TCP,No Attack
56.185.155.198,215.243.52.37,63149,52502,TCP,No Attack
50.159.87.116,86.177.209.118,58650,33592,TCP,Benign
106.142.170.132,82.185.213.42,48070,34828,UDP,Benign
161.249.125.110,119.99.176.223,21702,1776,TCP,No Attack
235.182.178.138,200.45.100.141,8899,12887,TCP,FileDownload
79.85.133.204,20.255.124.162,23899,14621,TCP,Okiru-Attack
179.55.96.2,102.28.233.244,48418,65499,TCP,Okiru
2.87.34.131,177.145.118.128,10270,59687,ICMP,No Attack
164.210.121.40,229.138.51.44,12905,49373,TCP,No Attack
157.240.240.68,137.3.168.205,32590,28638,UDP,DDoS
101.162.20.137,134.79.40.232,37652,14271,TCP,Benign
228.113.113.168,12.20.27.101,16585,42871,TCP,C&C-Tori
90.61.135.253,48.74.215.7,35093,26025,TCP,Okiru-Attack
109.216.58.21,170.47.79.62,64304,36080,TCP,Benign
100.235.60.58,134.98.106.80,2862,13787,UDP,DDoS
126.238.125.138,249.56.210.226,9876,23137,TCP,No Attack
179.136.117.13,171.14.18.204,33918,44998,TCP,PartOfAHorizontalPortScan
50.168.142.68,168.4.216.90,48999,27326,TCP,Okiru
9.242.20.230,121.200.48.76,40734,30246,TCP,FileDownload
0.33.249.52,3.211.109.228,47432,51069,TCP,No Attack
53.11.144.224,191.28.144.24,55911,21194,UDP,Benign
248.186.17.213,239.165.8.68,2443,8624,ICMP,No Attack
242.231.250.231,125.185.159.151,29921,38899,UDP,C&C-HeartBeat
161.72.73.168,161.145.105.152,48505,36634,ICMP,Benign
73.212.84.150,175.231.81.36,25850,58153,TCP,C&C-PartOfAHorizontalPortScan-Attack
155.196.57.75,143.197.224.199,20821,3391,TCP,Benign
125.231.74.78,57.198.5.153,28835,58450,TCP,No Attack
193.187.128.202,57.202.162.72,58963,38961,UDP,C&C-HeartBeat-Attack
252.25.49.151,203.172.138.179,19052,44147,ICMP,Benign
119.124.72.8,173.180.227.93,14222,18168,TCP,C&C-HeartBeat-FileDownload
47.71.56.130,82.188.220.30,31220,9600,UDP,No Attack
59.205.140.187,106.238.86.130,26264,49159,UDP,C&C-FileDownload
163.13.214.175,178.120.78.245,37331,55190,UDP,C&C-Tori
248.38.172.106,39.90.146.47,10870,16563,ICMP,Benign
36.60.195.56,38.11.223.124,29257,23224,UDP,Benign
161.185.113.57,116.84.229.130,62053,6029,UDP,DDoS
132.24.199.176,61.127.58.105,3744,7842,ICMP,Benign
62.244.224.152,169.50.15.106,49595,59891,ICMP,C&C-HeartBeat-Attack
100.113.84.154,189.54.101.75,55861,25483,TCP,DDoS
190.245.195.14,238.208.230.203,8954,21339,TCP,Benign
98.35.217.29,193.54.173.195,43914,20140,UDP,C&C-HeartBeat
111.239.53.251,143.240.76.113,57897,53390,ICMP,Okiru-Attack
162.17.117.112,62.25.13.197,12103,26910,TCP,C&C-HeartBeat
2.154.219.147,117.11.211.192,33396,43878,ICMP,DDoS
186.64.97.93,128.167.195.177,56901,21027,TCP,Benign
194.213.99.115,230.82.96.232,34989,30526,TCP,FileDownload
190.16.144.39,204.50.226.89,60431,21761,TCP,C&C-FileDownload
232.82.61.177,232.36.219.189,12498,41623,TCP,C&C-Tori
245.229.254.48,58.190.125.92,12517,56843,ICMP,Benign
75.199.233.25,88.234.143.117,51037,33405,TCP,C&C-Tori
28.193.200.26,234.188.90.92,65465,12858,TCP,DDoS
157.27.233.99,14.196.58.53,64102,42936,UDP,Okiru-Attack
20.25.178.187,187.192.185.141,25369,11323,TCP,FileDownload
11.185.67.41,9.229.163.136,8663,47902,UDP,Okiru
7.112.76.17,184.186.123.231,54771,50818,TCP,DDoS
9.90.121.204,56.30.26.209,57252,48814,TCP,DDoS
117.59.33.176,208.110.66.75,19239,48380,TCP,Benign
197.20.120.125,75.70.14.246,44582,30497,TCP,C&C-FileDownload
187.243.63.55,230.27.157.176,8147,29864,UDP,DDoS
186.26.106.231,140.130.20.120,50615,27561,UDP,Benign
137.78.161.184,75.102.59.104,54355,36051,TCP,Benign
139.178.71.182,195.121.209.58,23353,44285,TCP,No Attack
160.30.188.166,71.192.137.172,45840,1478,TCP,Okiru
246.213.118.64,215.163.245.204,36332,13529,TCP,C&C-HeartBeat-Attack
189.71.68.76,170.134.85.119,53679,27834,TCP,No Attack
166.198.123.9,179.180.184.181,64834,32831,TCP,Benign
185.203.206.122,109.204.221.161,51125,4986,TCP,FileDownload
133.35.113.68,238.98.249.246,40029,22317,ICMP,Benign
200.38.108.252,140.163.123.240,59013,45795,TCP,PartOfAHorizontalPortScan
84.34.57.139,221.174.129.27,1540,62736,TCP,No Attack
133.245.213.24,19.250.90.76,12414,46572,TCP,C&C-Tori
204.181.227.33,214.61.165.216,12087,25741,TCP,FileDownload
142.251.152.165,51.145.25.110,46832,50216,UDP,Okiru-Attack
50.92.195.6,85.213.113.176,8981,12716,TCP,C&C-HeartBeat-Attack
23.47.12.89,175.49.187.66,30735,16997,ICMP,Benign
141.255.104.183,160.230.218.39,3091,50403,UDP,Benign
88.188.192.10,35.119.168.216,14847,42330,ICMP,No Attack
62.82.135.94,128.68.84.195,14880,3237,TCP,Okiru
195.116.173.91,62.4.82.192,5730,19372,TCP,DDoS
182.21.132.162,123.198.226.43,11484,18042,TCP,FileDownload
40.92.99.80,38.249.57.43,42737,40917,TCP,Benign
110.17.144.246,207.45.127.188,29665,34498,ICMP,Benign
208.28.240.92,77.214.148.234,31497,23779,TCP,Benign
142.103.235.118,6.254.248.199,38939,36738,TCP,Benign
51.94.108.177,219.59.238.205,60064,30222,UDP,PartOfAHorizontalPortScan
210.203.231.59,17.204.34.38,19895,46930,TCP,C&C-HeartBeat
253.159.100.51,151.24.50.60,38255,34999,TCP,Benign
95.38.140.77,135.188.21.86,37274,1752,TCP,C&C-HeartBeat-Attack
12.253.55.31,18.178.22.81,50747,47936,TCP,FileDownload
131.229.141.239,49.76.28.211,11541,43031,TCP,C&C-HeartBeat-Attack
98.111.245.252,208.177.236.148,26616,30716,TCP,PartOfAHorizontalPortScan-Attack
170.232.74.1,14.164.141.38,2199,53554,TCP,Benign
90.73.212.163,135.246.131.0,30676,42648,TCP,No Attack
174.204.135.123,128.247.3.67,21820,27558,TCP,Benign
107.107.134.68,94.233.200.144,60437,13156,TCP,C&C-Tori
150.83.157.103,204.241.219.52,13435,37341,TCP,No Attack
240.141.179.130,39.138.74.164,49681,1295,TCP,DDoS
3.34.247.138,24.126.185.241,17321,47947,TCP,Benign
203.28.187.112,169.113.75.67,7751,54410,TCP,Okiru
98.87.214.97,37.118.82.183,45312,37234,TCP,C&C-FileDownload
30.86.1.150,138.222.167.199,56032,41304,TCP,C&C-PartOfAHorizontalPortScan-Attack
23.55.23.48,38.226.224.17,53095,15387,TCP,DDoS
125.69.137.119,85.10.176.102,2757,42562,TCP,Benign
85.124.204.82,216.37.13.120,21813,2738,TCP,No Attack
232.106.150.185,71.5.145.238,18692,33905,TCP,Okiru
249.126.239.0,28.71.33.61,39111,61555,TCP,Benign
115.194.223.203,206.28.132.142,19738,18919,TCP,C&C-Tori
166.213.173.217,48.129.53.187,15005,2256,TCP,Okiru-Attack
193.61.217.50,65.122.134.37,19516,65479,TCP,Okiru-Attack
163.171.145.114,116.193.80.17,42050,38593,TCP,No Attack
72.29.124.73,92.234.162.5,52775,57336,TCP,C&C-HeartBeat-FileDownload
155.27.120.147,181.44.213.188,17885,18336,UDP,C&C-FileDownload
220.84.131.135,172.177.158.74,58305,2289,TCP,PartOfAHorizontalPortScan-Attack
64.130.184.16,0.84.45.168,64946,43192,TCP,Benign
216.147.156.104,79.255.19.167,20580,17037,TCP,No Attack
49.67.171.204,159.190.49.162,36893,48026,TCP,No Attack
224.46.182.34,215.191.81.145,8792,18514,UDP,No Attack
8.139.171.4,238.73.75.194,40960,53007,TCP,No Attack
44.110.217.148,239.10.73.46,16103,13031,TCP,C&C-Tori
8.57.30.97,60.229.153.155,57969,42997,TCP,No Attack
194.129.225.32,178.189.63.93,46374,44544,TCP,No Attack
72.213.240.219,135.238.49.68,41374,38164,TCP,C&C-Tori
177.157.234.163,234.21.219.6,52996,9733,TCP,Okiru-Attack
191.243.59.79,135.133.175.47,63284,1569,TCP,No Attack
216.22.57.59,15.77.117.59,20235,20126,UDP,Benign
59.76.127.208,172.77.128.163,8503,38599,UDP,No Attack
154.100.195.209,158.233.108.42,21121,49381,TCP,Benign
59.8.71.227,106.168.23.68,17158,61357,TCP,No Attack
230.7.63.168,155.9.171.227,44219,17894,TCP,Benign
10.80.204.215,244.111.79.83,32592,31752,TCP,DDoS
194.230.122.64,149.38.31.217,40895,38415,TCP,No Attack
101.232.72.149,201.87.93.178,27167,1929,TCP,C&C-PartOfAHorizontalPortScan-Attack
73.22.243.38,57.74.73.184,14220,22318,TCP,DDoS
106.244.163.25,90.101.227.52,55163,22354,TCP,No Attack
175.54.58.189,3.173.46.187,35392,53729,TCP,No Attack
152.156.55.75,229.118.242.211,30321,13728,UDP,C&C-FileDownload
61.114.37.11,110.187.35.204,37517,56176,ICMP,Benign
44.105.10.233,122.203.201.62,39597,62965,TCP,C&C-FileDownload
138.162.64.168,140.151.21.87,20109,55145,TCP,C&C-FileDownload
202.55.81.137,202.160.58.248,36342,48565,UDP,C&C-FileDownload
117.236.232.191,40.11.28.26,50051,4389,ICMP,Benign
40.231.135.11,12.236.127.238,33965,5723,TCP,Benign
169.42.91.172,163.252.170.138,36898,43721,UDP,FileDownload
20.110.40.106,238.12.173.155,8375,14178,TCP,C&C-HeartBeat
164.171.17.205,71.107.136.196,39939,8741,TCP,DDoS
38.197.32.35,204.18.141.51,38219,36486,TCP,C&C-Tori
197.3.61.142,22.172.175.249,48903,65205,UDP,DDoS
182.130.3.191,101.179.220.40,14013,43419,TCP,No Attack
29.247.15.201,27.60.14.160,43379,2275,ICMP,Benign
58.110.56.197,91.208.112.207,37004,1310,TCP,Benign
3.224.169.112,234.77.77.59,20488,28617,TCP,PartOfAHorizontalPortScan
46.250.27.101,86.63.140.12,32862,6402,TCP,No Attack
225.126.201.87,143.24.112.142,42976,22112,UDP,Benign
18.115.162.86,162.59.173.41,14198,56098,ICMP,No Attack
202.161.251.223,159.72.193.246,35679,39996,ICMP,C&C-PartOfAHorizontalPortScan-Attack
206.112.218.231,166.18.53.253,45162,35920,TCP,C&C-Mirai
15.198.36.91,24.219.54.248,27906,47893,TCP,Okiru
163.71.54.154,81.6.81.57,62384,4510,TCP,C&C-HeartBeat
198.181.233.9,239.33.53.38,10722,47525,TCP,PartOfAHorizontalPortScan
23.216.75.112,86.152.252.243,39571,16850,UDP,C&C-Tori
65.178.51.92,169.176.72.1,46901,20755,UDP,C&C-HeartBeat-Attack
247.77.204.106,106.107.52.160,54682,34866,UDP,No Attack
129.51.36.89,153.209.33.82,25203,25526,TCP,Okiru
123.13.99.107,162.45.71.235,26498,3714,TCP,C&C-FileDownload
4.124.137.189,133.126.63.193,10321,55849,TCP,C&C-PartOfAHorizontalPortScan-Attack
218.154.73.193,231.161.182.74,35724,63602,TCP,No Attack
7.21.169.111,223.117.70.31,34106,26849,UDP,FileDownload
248.236.34.209,164.53.212.107,4975,2296,UDP,Benign
242.238.112.180,25.246.151.74,55466,11828,TCP,No Attack
250.151.42.168,220.174.187.27,42302,41233,UDP,C&C-HeartBeat-FileDownload
185.137.140.236,233.153.240.58,45872,7560,TCP,FileDownload
74.235.108.114,97.4.254.243,41452,21858,TCP,Okiru-Attack
118.66.75.9,73.206.97.102,1708,16338,UDP,Benign
101.209.35.50,56.99.72.127,3258,59923,TCP,FileDownload
41.0.147.89,197.236.87.225,36751,31961,TCP,No Attack
71.185.53.98,63.59.119.224,3496,26860,TCP,Benign
251.32.182.162,13.234.12.111,59388,9609,TCP,No Attack
201.157.240.8,142.109.82.89,31017,52035,TCP,No Attack
220.207.203.8,134.107.219.157,63363,17047,TCP,C&C-FileDownload
2.130.226.84,0.148.35.61,20402,45615,UDP,Okiru-Attack
108.121.227.144,3.151.166.210,6097,39668,UDP,DDoS
0.98.87.19,252.145.17.62,6579,12395,UDP,No Attack
142.194.100.125,14.245.197.250,16155,33264,UDP,C&C-HeartBeat-FileDownload
108.151.84.75,254.233.69.78,19487,7229,TCP,No Attack
7.28.210.106,39.144.250.28,26974,33515,TCP,No Attack
222.209.242.111,100.177.155.53,32902,65056,TCP,DDoS
89.243.83.77,190.221.151.209,17841,51540,TCP,Benign
180.196.114.108,24.40.255.39,42014,30456,TCP,C&C-FileDownload
213.151.213.214,233.42.164.67,5330,17731,TCP,No Attack
198.99.106.233,52.107.115.82,30656,16512,UDP,Benign
137.166.203.73,232.69.163.141,61079,2255,TCP,Benign
220.119.88.109,219.22.54.95,28873,35769,UDP,C&C-PartOfAHorizontalPortScan-Attack
223.216.3.110,56.165.130.241,3030,4785,UDP,DDoS
